{"cameraMode":{"drawMode":0,"name":"Shaded","section":"Shading Mode"},"sceneLighting":true,"audioPlay":false,"sceneViewState":{"m_AlwaysRefresh":false,"showFog":true,"showSkybox":true,"showFlares":true,"showImageEffects":true,"showParticleSystems":true,"showVisualEffectGraphs":true,"m_FxEnabled":true},"in2DMode":false,"pivot":{"x":5.856997013092041,"y":-1.1758813858032227,"z":6.0731353759765629},"rotation":{"x":-0.24061466753482819,"y":0.011362174525856972,"z":-0.002820017049089074,"w":-0.9706037044525147},"size":17.669525146484376,"orthographic":false}